STT,Nội dung,Phương án A,Phương án B,Phương án C,Phương án D,Phương án E,Phương án F,Phương án G,Phương án H,Phương án I,Phương án J,Đáp án,Tags
270,"Đối với dự toán mua sắm, hạn mức áp dụng chào giá trực tuyến theo quy trình thông thường đối với gói thầu mua sắm hàng hóa là?",Có giá gói thầu không quá 500 triệu đồng,Có giá gói thầu không quá 02 tỷ đồng,Có giá gói thầu không quá 05 tỷ đồng,Không có quy định về hạn mức áp dụng,,,,,,,D,P3
271,"Gói thầu hàng hóa có giá gói thầu 01 tỷ đồng thực hiện chào giá trực tuyến theo quy trình rút gọn, trường hợp chủ đầu tư đăng tải thông báo mời thầu vào 11h00 ngày Thứ 2 (15/9/2025), thời điểm nào sau đây là thời điểm kết thúc chào giá trực tuyến sớm nhất?",08h00 ngày thứ 6 (19/9/2025),08h00 ngày thứ bẩy (20/9/2025),11h00 ngày thứ 6 (19/9/2025),08h00 ngày thứ 2 (22/9/2025),,,,,,,D,P3
272,"Đối với đấu thầu qua mạng, thành phần nào sau đây không được coi là một phần của E-HSMST, E-HSMT và nhà thầu không phải đáp ứng các yêu cầu này?",Bảng dữ liệu được số hóa dưới dạng webform trên Hệ thống mạng đấu thầu quốc gia,Tiêu chuẩn đánh giá về tính hợp lệ được đính kèm trên Hệ thống mạng đấu thầu quốc gia,"Yêu cầu về năng lực, kinh nghiệm được đính kèm trên Hệ thống mạng đấu thầu quốc gia",Phương án B và C đều đúng,,,,,,,D,P3
273,Yêu cầu nào sau đây là đúng đối với tệp tin (file) đăng tải trên Hệ thống mạng đấu thầu quốc gia?,"Các file mở, đọc được bằng các phần mềm thông dụng như: các phần mềm đọc, soạn thảo văn bản MS Office hoặc Open Office; các phần mềm đọc file PDF; các phần mềm thiết kế thông dụng như AutoCad, Photoshop; phần mềm đọc file ảnh tích hợp sẵn trên Hệ điều hành Windows. Các file sử dụng phông chữ không thuộc bảng mã Unicode","Các file nén mở được bằng các phần mềm giải nén thông dụng như phần mềm giải nén ZIP tích hợp sẵn trên hệ điều hành Windows, MacOS hoặc phần mềm giải nén Rar hoặc 7Zip. Trường hợp sử dụng file nén, các file sau khi giải nén phải có định dạng đúng quy định.","Không bị nhiễm virus, không bị lỗi, hỏng và không thiết lập mật khẩu",Các phương án trên đều đúng,,,,,,,C,P3
274,"Đối với đấu thầu qua mạng, trường hợp file đính kèm trong E-HSMT không thể mở hoặc không đọc được thì chủ đầu tư phải thực hiện hành động nào sau đây?",Đăng tải và phát hành lại toàn bộ E-HSMT,Sửa đổi E-HSMT và không phải phát hành lại toàn bộ E-HSMT,Đề nghị Trung tâm Đấu thầu qua mạng quốc gia sửa đổi E-HSMT trong trường hợp chủ đầu tư không sửa đổi được E-HSMT,Các phương án trên đều đúng,,,,,,,A,P3
275,"Đối với đấu thầu qua mạng, trường hợp Hệ thống mạng đấu thầu quốc gia gặp sự cố không thể vận hành và phải tự động gia hạn thời điểm đóng thầu của các gói thầu bị ảnh hưởng (có thời điểm đóng thầu trong thời gian từ khi Hệ thống bị sự cố cho đến thời điểm sau hoàn thành khắc phục sự cố 02 giờ) thì việc đánh giá E-HSDT được thực hiện trên cơ sở thời điểm đóng thầu nào sau đây?",Thời điểm đóng thầu nêu trong E-TBMT đã được đăng tải trước thời điểm Hệ thống mạng đấu thầu quốc gia gặp sự cố,Thời điểm đóng thầu mà Hệ thống mạng đấu thầu quốc gia tự động gia hạn,Do Chủ đầu tư quyết định,Phương án A và B đều đúng,,,,,,,D,P3
276,Loại Chứng thư số nào sau đây được sử dụng trên Hệ thống mạng đấu thầu quốc gia?,Chứng thư số chuyên dùng do tất cả tổ chức có chức năng cung cấp dịch vụ chứng thực chữ ký số chuyên dùng cấp,Tất cả các loại chứng thư số,Chứng thư số công cộng do tổ chức cung cấp dịch vụ chứng thực chữ ký số công cộng cấp hoặc chứng thư số do tổ chức cung cấp dịch vụ chứng thực chữ ký số chuyên dùng Chính phủ cấp,Phương án A và C đều đúng,,,,,,,C,P3
277,"Đối với đấu thầu qua mạng, trường hợp nhà thầu sử dụng bảo lãnh dự thầu điện tử trên Hệ thống mạng đấu thầu quốc gia, phát biểu nào sau đây là đúng?",Giá trị bảo lãnh dự thầu luôn đáp ứng yêu cầu trong E-HSMT,Thời gian hiệu lực của bảo lãnh dự thầu luôn đáp ứng yêu cầu trong E-HSMT,Đối tượng thụ hưởng bảo lãnh dự thầu luôn đáp ứng yêu cầu trong E-HSMT,Các phương án trên đều đúng,,,,,,,D,P3
278,"Gói thầu mua sắm hàng hóa có: * Thời điểm đóng thầu theo E-TBMT là: 8h00 ngày 25/9/2025 * Hiệu lực của bảo đảm dự thầu theo yêu cầu của E-HSMT là: 90 ngày * Do lỗi hệ thống nên Hệ thống tự động gia hạn thời điểm đóng thầu mới là: 11h ngày 26/9/2025 Nhà thầu A đã nộp E-HSDT trước thời điểm Hệ thống xảy ra sự cố với hiệu lực của bảo đảm dự thầu là 90 ngày kể từ ngày 25/9/2025; Nhà thầu B nộp E-HSDT sau khi Hệ thống được khắc phục và trước thời điểm đóng thầu mới với hiệu lực của bảo đảm dự thầu là 90 ngày kể từ ngày 26/9/2025. Trong trường hợp này, bảo đảm dự thầu của nhà thầu A và nhà thầu B được đánh giá như thế nào?",Bảo đảm dự thầu của nhà thầu A được đánh giá là không hợp lệ; Bảo đảm dự thầu của nhà thầu B được đánh giá là hợp lệ,Bảo đảm dự thầu của nhà thầu A và nhà thầu B đều được đánh giá là hợp lệ,Bảo đảm dự thầu của nhà thầu A được đánh giá là hợp lệ; Bảo đảm dự thầu của nhà thầu B được đánh giá là không hợp lệ,Bảo đảm dự thầu của nhà thầu A và nhà thầu B đều được đánh giá là không hợp lệ,,,,,,,B,P3
279,"So sánh điều kiện xét duyệt trúng thầu giữa phương pháp giá cố định và phương pháp dựa trên kỹ thuật đối với gói thầu dịch vụ tư vấn, điểm chung quyết định để nhà thầu được xếp hạng thứ nhất là gì?",Có giá dự thầu thấp nhất,Có điểm tổng hợp cao nhất,Có điểm kỹ thuật cao nhất,Có giá đề nghị trúng thầu thấp nhất,,,,,,,C,P3
280,Phương pháp kết hợp giữa kỹ thuật và giá được áp dụng cho gói thầu tư vấn có đặc điểm nào trong các phương án sau đây?,"Gói thầu tư vấn đơn giản, chi phí thấp","Gói thầu tư vấn có yêu cầu kỹ thuật rất cao, chi phí cố định",Gói thầu tư vấn chú trọng tới cả chất lượng và chi phí thực hiện,Gói thầu tư vấn có quy trình thực hiện đã được tiêu chuẩn hoá,,,,,,,C,P3
281,"Khi sử dụng phương pháp chấm điểm để xây dựng tiêu chuẩn đánh giá về kỹ thuật, mức điểm yêu cầu tối thiểu về kỹ thuật được quy định là bao nhiêu?",Không thấp hơn 60% tổng số điểm kỹ thuật,Không thấp hơn 70% tổng số điểm kỹ thuật,Không thấp hơn 80% tổng số điểm kỹ thuật,Không thấp hơn 90% tổng số điểm kỹ thuật,,,,,,,B,P3
282,"Đối với gói thầu mua sắm hàng hóa, xây lắp, phi tư vấn, hỗn hợp, phương pháp giá đánh giá được áp dụng cho các hình thức lựa chọn nhà thầu nào?",Chỉ áp dụng với đấu thầu rộng rãi,Chỉ định thầu và mua sắm trực tiếp,"Đấu thầu rộng rãi, đấu thầu hạn chế, chào hàng cạnh tranh",Tất cả hình thức lựa chọn nhà thầu,,,,,,,C,P3
283,Điều kiện nào sau đây là bắt buộc đối với nhà thầu xây lắp nhưng không được đề cập trong điều kiện xét duyệt trúng thầu đối với nhà thầu tư vấn là tổ chức?,Có hồ sơ dự thầu hợp lệ,Có giá đề nghị trúng thầu không vượt giá gói thầu,Có đề xuất kỹ thuật đáp ứng yêu cầu,Có giá trị phần sai lệch thiếu không quá 10% giá dự thầu,,,,,,,D,P3
284,"Khi sửa đổi hợp đồng làm thay đổi thời gian thực hiện nhưng không vượt thời gian thực hiện dự án, ai có quyền quyết định sửa đổi hợp đồng?",Người có thẩm quyền,Chủ đầu tư,Cơ quan quản lý cấp trên của chủ đầu tư,Bên mời thầu,,,,,,,B,P3
285,Thời gian có hiệu lực của bảo đảm thực hiện hợp đồng được tính từ khi nào đến khi nào?,Từ ngày ký hợp đồng đến ngày thanh toán cuối cùng,Từ ngày hợp đồng có hiệu lực đến ngày các bên hoàn thành nghĩa vụ hoặc chuyển sang thực hiện nghĩa vụ bảo hành đối với trường hợp có quy định về bảo hành,Từ ngày nộp hồ sơ dự thầu đến ngày hoàn thành nghĩa vụ theo hợp đồng,Từ ngày thông báo trúng thầu đến ngày hết thời hạn bảo hành,,,,,,,B,P3
286,Hợp đồng theo thời gian có thể áp dụng trong trường hợp nào?,Trong tình trạng khẩn cấp,"Sửa chữa, bảo trì công trình, máy móc, thiết bị",Dịch vụ tư vấn khi khó xác định được phạm vi và thời gian thực hiện dịch vụ,Tất cả phương án trên đều đúng,,,,,,,D,P3
287,Giá trị bảo đảm thực hiện hợp đồng được xác định dựa trên cơ sở nào?,Giá gói thầu,Giá hợp đồng,Giá dự thầu của nhà thầu,Tổng mức đầu tư của dự án,,,,,,,B,P3
288,Trường hợp nào sau đây chủ đầu tư được tự quyết định sửa đổi hợp đồng mà không cần người có thẩm quyền cho phép?,Sửa đổi hợp đồng làm vượt giá gói thầu đã duyệt và vượt tổng mức đầu tư của dự án,Sửa đổi hợp đồng làm thay đổi thời gian thực hiện hợp đồng nhưng không làm vượt thời gian thực hiện dự án hoặc vượt giá gói thầu (bao gồm dự phòng) được duyệt nhưng không làm vượt tổng mức đầu tư,Sửa đổi hợp đồng làm thay đổi thời gian thực hiện hợp đồng và vượt thời gian thực hiện dự án,Sửa đổi hợp đồng làm thay đổi thiết kế cơ sở dẫn đến phải điều chỉnh chủ trương đầu tư,,,,,,,B,P3
289,Các bên không phải ký kết văn bản sửa đổi hợp đồng khi thay đổi giá hợp đồng nếu đáp ứng đủ điều kiện nào sau đây?,"Không vượt giá gói thầu, nhưng có thể vượt thời gian thực hiện gói thầu ghi trong hợp đồng","Không vượt giá gói thầu, không vượt thời gian thực hiện gói thầu ghi trong hợp đồng và phương pháp, công thức, hạng mục và các nội dung cần thiết để điều chỉnh đã quy định trong hợp đồng",Không vượt thời gian thực hiện gói thầu ghi trong hợp đồng nhưng có thể vượt giá gói thầu,Khi thay đổi thời gian thực hiện hợp đồng nhưng không làm vượt thời gian thực hiện dự án hoặc vượt giá gói thầu (bao gồm dự phòng) được duyệt nhưng không làm vượt tổng mức đầu tư,,,,,,,B,P3
290,Đâu là điểm khác biệt chính giữa hợp đồng theo đơn giá cố định và hợp đồng theo đơn giá điều chỉnh?,"Hợp đồng theo đơn giá cố định áp dụng cho gói thầu có thời gian thực hiện dài, hợp đồng theo đơn giá điều chỉnh áp dụng cho gói thầu có thời gian thực hiện ngắn","Đơn giá trong hợp đồng đơn giá cố định không thay đổi, còn đơn giá trong hợp đồng đơn giá điều chỉnh có thể thay đổi","Hợp đồng theo đơn giá cố định không có chi phí dự phòng, còn hợp đồng theo đơn giá điều chỉnh có chi phí dự phòng","Hợp đồng theo đơn giá cố định chỉ áp dụng cho gói thầu dịch vụ tư vấn, hợp đồng theo đơn giá điều chỉnh áp dụng cho gói thầu xây lắp",,,,,,,B,P3
291,"So sánh hai tình huống sửa đổi hợp đồng: (1) Vượt giá gói thầu 10% nhưng không vượt tổng mức đầu tư; (2) Vượt giá gói thầu 2% và làm tổng mức đầu tư tăng 1%, thẩm quyền phê duyệt có gì khác nhau?",Cả 2 tình huống đều do chủ đầu tư quyết định,"Tình huống (1) do chủ đầu tư quyết định, tình huống (2) phải trình người có thẩm quyền xem xét, quyết định",Cả 2 tình huống đều do người có thẩm quyền quyết định,"Tình huống (1) phải trình người có thẩm quyền cho phép, tình huống (2) do Chủ tịch Uỷ ban nhân dân tỉnh quyết định",,,,,,,B,P3
292,"Loại hợp đồng nào được áp dụng khi tại thời điểm lựa chọn nhà thầu chưa đủ cơ sở xác định phạm vi công việc, nhu cầu cần thiết về các yếu tố, chi phí đầu vào để thực hiện các công việc dự kiến của hợp đồng?",Hợp đồng trọn gói,Hợp đồng theo chi phí cộng phí,Hợp đồng theo đơn giá cố định,Hợp đồng theo kết quả đầu ra,,,,,,,B,P3
293,"Gói thầu xây lắp A được phê duyệt KHLCNT với thời gian thực hiện gói thầu là 120 ngày. Trong quá trình thực hiện Hợp đồng, do có phát sinh dẫn tới thời gian thực hiện gói thầu bị kéo dài thành 180 ngày. Trong trường hợp này, chủ đầu tư xử lý như thế nào?",Báo cáo người có thẩm quyền trước khi điều chỉnh thời gian thực hiện gói thầu trong kế hoạch lựa chọn nhà thầu đã được phê duyệt,Chủ đầu tư thực hiện điều chỉnh thời gian thực hiện gói thầu trong kế hoạch lựa chọn nhà thầu đã được phê duyệt mà không cần báo cáo người có thẩm quyền,Chủ đầu tư không cần điều chỉnh kế hoạch lựa chọn nhà thầu,Các phương án trên đều sai,,,,,,,C,P3
294,"Gói thầu áp dụng hình thức chào giá trực tuyến rút gọn, việc phê duyệt kết quả lựa chọn nhà thầu thực hiện như thế nào?",Trên cơ sở đề nghị của tổ chuyên gia,Trên cơ sở đề nghị của tổ thẩm định,Trên cơ sở chấp thuận được trao hợp đồng của nhà thầu,Phương án A và B đều đúng,,,,,,,C,P3
295,Việc xét duyệt trúng thầu đối với gói thầu áp dụng hình thức chào giá trực tuyến theo quy trình rút gọn thực hiện như thế nào?,Căn cứ vào giá dự thầu trong đơn dự thầu của nhà thầu,Căn cứ vào giá gói thầu trong kế hoạch lựa chọn nhà thầu được phê duyệt,Căn cứ vào giá dự thầu tại thời điểm kết thúc chào giá trực tuyến của nhà thầu xếp thứ nhất,Các phương án trên đều sai,,,,,,,C,P3
296,Nhận định nào sau đây là đúng?,"Việc áp dụng mua sắm trực tuyến không cần phê duyệt trong kế hoạch lựa chọn nhà thầu và được áp dụng đối với hàng hóa, dịch vụ tư vấn của gói thầu thuộc dự toán mua sắm có giá gói thầu không quá 500 triệu đồng","Việc áp dụng mua sắm trực tuyến phải được phê duyệt trong kế hoạch lựa chọn nhà thầu và được áp dụng đối với gói thầu mua sắm hàng hóa, gói thầu dịch vụ tư vấn thuộc dự toán mua sắm có giá gói thầu không quá 500 triệu đồng","Mua sắm trực tuyến phải được phê duyệt trong kế hoạch lựa chọn nhà thầu và được áp dụng đối với gói thầu mua sắm hàng hóa, gói thầu dịch vụ tư vấn thuộc dự toán có giá gói thầu không quá 01 tỷ đồng",Các phương án trên đều sai,,,,,,,B,P3
297,Trường hợp gói thầu có giá gói thầu dưới 500 triệu đồng đối với dự toán mua sắm thì chủ đầu tư được quyết định cho phép nhà thầu nào sau đây được tham dự thầu?,"Nhà thầu có từ 50% lao động trở lên là người khuyết tật, thương binh, dân tộc thiểu số có hợp đồng lao động với thời gian thực hiện hợp đồng từ 03 tháng trở lên và đến thời điểm đóng thầu hợp đồng vẫn còn hiệu lực","Nhà thầu có từ 25% lao động trở lên là người khuyết tật, thương binh, dân tộc thiểu số có hợp đồng lao động với thời gian thực hiện hợp đồng từ 03 tháng trở lên và đến thời điểm đóng thầu hợp đồng vẫn còn hiệu lực","Nhà thầu có từ 50% lao động trở lên là người khuyết tật, thương binh, dân tộc thiểu số có hợp đồng lao động với thời gian thực hiện hợp đồng dưới 03 tháng và đến thời điểm đóng thầu hợp đồng vẫn còn hiệu lực","Nhà thầu có từ 25% lao động trở lên là người khuyết tật, thương binh, dân tộc thiểu số có hợp đồng lao động với thời gian thực hiện hợp đồng dưới 03 tháng và đến thời điểm đóng thầu hợp đồng vẫn còn hiệu lực",,,,,,,A,P3
298,Trường hợp nào sau đây nhà thầu bị coi là không đáp ứng tư cách hợp lệ khi tham dự thầu theo quy định tại khoản 1 Điều 5 của Luật Đấu thầu?,Nhà thầu A sử dụng tài khoản tham gia Hệ thống của chi nhánh B để tham dự thầu,Nhà thầu A sử dụng tài khoản tham gia Hệ thống của chính đơn vị mình để tham dự thầu,Nhà thầu A sử dụng tài khoản tham gia Hệ thống của công ty con hạch toán phụ thuộc C để tham dự thầu,Đáp án A và C là đúng,,,,,,,D,P3
299,"E-HSMT gói thầu mua sắm hàng hóa có yêu cầu cung cấp hàng mẫu, trong trường hợp này hàng mẫu được nhà thầu gửi đến chủ đầu tư theo cách thức nào sau đây là phù hợp?",Nhà thầu có thể nộp bổ sung hàng mẫu trong thời hạn 05 ngày làm việc sau thời điểm đóng thầu,Nhà thầu phải nộp hàng mẫu ngay sau khi nộp thành công E-HSDT trên Hệ thống mạng đấu thầu quốc gia,Nhà thầu nộp hàng mẫu trong thời hạn 05 ngày sau khi nộp thành công E-HSDT trên Hệ thống mạng đấu thầu quốc gia,Các phương án trên đều sai.,,,,,,,A,P3
300,"Đối với đấu thầu không qua mạng, biên bản mở thầu bắt buộc phải có chữ ký của các chủ thể nào sau đây?","Chủ đầu tư, tổ chuyên gia và các nhà thầu tham dự lễ mở thầu","Chủ đầu tư, tổ chuyên gia và các nhà thầu tham dự thầu",Chủ đầu tư và các nhà thầu tham dự lễ mở thầu,Các phương án trên đều đúng,,,,,,,C,P3
301,"Đối với đấu thầu qua mạng, nội dung nào sau đây là đúng?",Việc đánh giá HSDT được thực hiện trên bản chụp,Nhà thầu phải chịu trách nhiệm về tính thống nhất giữa bản gốc và bản chụp,Trường hợp có sự sai khác giữa bản gốc và bản chụp nhưng không làm thay đổi thứ tự xếp hạng nhà thầu thì căn cứ vào bản gốc để đánh giá,Các phương án trên đều sai,,,,,,,D,P3
302,"Đối với nhà thầu liên danh, việc ký kết văn bản hợp đồng được thực hiện như thế nào?","Các thành viên liên danh có thể ủy quyền cho thành viên đứng đầu liên danh ký, đóng dấu (nếu có)","Tất cả thành viên tham gia liên danh phải trực tiếp ký, đóng dấu (nếu có)","Các thành viên liên danh có thể ủy quyền cho bất kỳ thành viên nào trong liên danh ký, đóng dấu (nếu có)","Bất kỳ thành viên nào trong liên danh cũng có thể đại diện ký, đóng dấu (nếu có)",,,,,,,B,P3
303,Nhà thầu thực hiện gói thầu xây lắp theo hình thức lựa chọn nhà thầu nào thì không phải thực hiện bảo đảm thực hiện hợp đồng?,Đấu thầu rộng rãi,Tự thực hiện,Đấu thầu hạn chế,Chào hàng cạnh tranh,,,,,,,B,P3
304,Chào giá trực tuyến theo quy trình thông thường được thực hiện ở bước nào trong quá trình lựa chọn nhà thầu?,Bước chuẩn bị lựa chọn nhà thầu,Bước đánh giá về tài chính,Bước thương thảo hợp đồng,Bước đánh giá hồ sơ đề xuất kỹ thuật,,,,,,,B,P3
305,"Trong quá trình chào giá trực tuyến, thông tin nào của nhà thầu không được công khai trên Hệ thống mạng đấu thầu quốc gia?",Mức giá chào,Tên nhà thầu,Các yếu tố khác ngoài giá (nếu có),Thời gian còn lại của phiên chào giá,,,,,,,B,P3
306,Mua sắm trực tuyến có cần được phê duyệt trong kế hoạch lựa chọn nhà thầu không?,Không phải phê duyệt trong kế hoạch lựa chọn nhà thầu,Phải được phê duyệt trong kế hoạch lựa chọn nhà thầu,Chỉ phải phê duyệt trong kế hoạch lựa chọn nhà thầu khi giá gói thầu lớn hơn 500 triệu đồng,Chỉ phải phê duyệt trong kế hoạch lựa chọn nhà thầu đối với các gói thầu thuộc dự án đầu tư,,,,,,,B,P3
307,"Khi có yêu cầu đặt hàng trong mua sắm trực tuyến, Hệ thống mạng đấu thầu quốc gia sẽ tự động gửi thông báo cho ai?",Nhà thầu đã trúng thầu thông qua hình thức mua sắm tập trung hoặc không tập trung trên Hệ thống mạng đấu thầu quốc gia,Nhà thầu đã trúng thầu trong mua sắm tập trung trước đó,Chủ đầu tư,Đơn vị mua sắm tập trung,,,,,,,B,P3
308,"Sau khi nhận được yêu cầu đặt hàng qua hình thức mua sắm trực tuyến, nhà thầu có bao nhiêu thời gian để xác nhận hoặc từ chối đơn hàng?",24 giờ,03 ngày làm việc,05 ngày,05 ngày làm việc,,,,,,,B,P3
309,"Sau khi kết thúc chào giá trực tuyến, nếu có nhiều nhà thầu cùng chào giá thấp nhất bằng nhau, nhà thầu nào sẽ được xếp hạng thứ nhất?",Nhà thầu có năng lực tài chính tốt nhất,Nhà thầu chào giá đầu tiên thấp nhất,Nhà thầu nộp hồ sơ dự thầu sớm nhất,Yêu cầu các nhà thầu này chào lại giá,,,,,,,B,P3
310,Chủ đầu tư phải gửi thông báo mời tham gia chào giá trực tuyến theo quy trình thông thường đến các nhà thầu đáp ứng yêu cầu kỹ thuật trong thời hạn tối thiểu bao lâu trước thời điểm bắt đầu chào giá?,24 giờ,03 ngày làm việc,05 ngày,05 ngày làm việc,,,,,,,B,P3
311,"Đối với đấu thầu rộng rãi không qua mạng, nếu sau khi đóng thầu, nhà thầu tự phát hiện hồ sơ dự thầu thiếu tài liệu chứng minh năng lực, kinh nghiệm thì nhà thầu nên làm gì?","Trường hợp chủ đầu tư có yêu cầu bổ sung, làm rõ nhà thầu mới được bổ sung tài liệu chứng minh năng lực, kinh nghiệm","Được phép gửi tài liệu đến chủ đầu tư để làm rõ về năng lực, kinh nghiệm","Không được bổ sung tài liệu chứng minh năng lực, kinh nghiệm còn thiếu",Rút hồ sơ dự thầu để nộp lại,,,,,,,B,P3
312,"Trường hợp nào nhà thầu được quyền từ chối hoàn thiện hợp đồng mà không bị đánh giá về uy tín khi tham dự thầu, không bị tịch thu bảo đảm dự thầu?",Nhà thầu được quyền từ chối hoàn thiện hợp đồng trong mọi trường hợp,"Khi chủ đầu tư đưa ra các yêu cầu khi hoàn thiện hợp đồng không phù hợp với nội dung hồ sơ mời thầu, hồ sơ dự thầu",Khi nhà thầu đề nghị điều chỉnh đơn giá hạng mục mà nhà thầu đã chào theo yêu cầu của hồ sơ mời thầu nhưng chủ đầu tư không chấp nhận,Phương án B và C đều đúng,,,,,,,B,P3
313,"Đối với đấu thầu không qua mạng, trường hợp hồ sơ dự thầu của nhà thầu có sai lệch thiếu sau khi hiệu chỉnh sai lệch vẫn được xếp hạng thứ nhất và hồ sơ dự thầu của nhà thầu này không có đơn giá của phần sai lệch thiếu, đơn giá nào sẽ được ưu tiên áp dụng đầu tiên để đề nghị trúng thầu?",Đơn giá trong dự toán gói thầu,Đơn giá tương ứng có giá trị thấp nhất trong các hồ sơ dự thầu khác vượt qua bước đánh giá về kỹ thuật,Đơn giá hình thành giá gói thầu,Đơn giá tương ứng có giá trị cao nhất trong các hồ sơ dự thầu khác vượt qua bước đánh giá về kỹ thuật,,,,,,,B,P3
314,"Đối với gói thầu bảo hiểm, nhà thầu tham dự thầu có được xuất trình giấy chứng nhận bảo hiểm bảo lãnh do chính mình phát hành không?",Được dùng giấy chứng nhận bảo hiểm bảo lãnh do chính mình phát hành nếu nhà thầu là doanh nghiệp bảo hiểm uy tín,"Không được dùng giấy chứng nhận bảo hiểm bảo lãnh do chính mình phát hành nếu giá trị bảo lãnh từ 50 triệu đồng trở lên, được dùng nếu giá trị bảo lãnh nhỏ hơn 50 triệu đồng",Chỉ được dùng giấy chứng nhận bảo hiểm bảo lãnh do chính mình phát hành nếu giá trị bảo lãnh nhỏ hơn 50 triệu đồng,Tất cả phương án đều sai,,,,,,,D,P3
315,"Trường hợp sau khi có quyết định phê duyệt kết quả lựa chọn nhà thầu, nhà thầu không trúng thầu có yêu cầu giải thích về lý do cụ thể không trúng thầu, chủ đầu tư phải trả lời trong thời hạn bao lâu?",02 ngày làm việc kể từ ngày được yêu cầu,03 ngày làm việc kể từ ngày được yêu cầu,05 ngày làm việc kể từ ngày được yêu cầu,07 ngày làm việc kể từ ngày được yêu cầu,,,,,,,A,P3
316,"Đối với gói thầu đấu thầu trước, nhà thầu có phải thực hiện biện pháp bảo đảm dự thầu không?",Không phải thực hiện nhưng phải có cam kết trong đơn dự thầu,Bắt buộc phải thực hiện,Tuỳ thuộc vào quyết định của chủ đầu tư,Chỉ phải thực hiện đối với gói thầu có giá trị bảo đảm dự thầu trên 50 triệu đồng,,,,,,,A,P3
317,"Trường hợp các nhà thầu chào hàng hóa có cùng ký mã hiệu (nếu có), hãng sản xuất, năm sản xuất, xuất xứ Việt Nam nhưng có nhà thầu kê khai, có nhà thầu không kê khai hàng hóa này thuộc đối tượng ưu đãi thì chủ đầu tư xử lý thế nào?",Không tính ưu đãi của tất cả các nhà thầu tham dự,Quyết định cho các nhà thầu không kê khai được làm rõ để có cơ sở đánh giá ưu đãi,Chỉ xét ưu đãi cho các nhà thầu đã kê khai,Tính ưu đãi cho tất cả nhà nhà thầu tham dự mà không cần làm rõ với nhà thầu không kê khai,,,,,,,B,P3
318,"Đối với đấu thầu qua mạng, sau khi đánh giá E-HSDT, tổ trưởng tổ chuyên gia đính kèm bản scan báo cáo đánh giá E-HSDT lên Hệ thống mạng đấu thầu quốc gia với yêu cầu nào sau đây?",Báo cáo đánh giá E-HSDT có chữ ký của tất cả thành viên trong tổ chuyên gia,Báo cáo đánh giá E-HSDT chỉ cần có chữ ký của tổ trưởng tổ chuyên gia,"Báo cáo đánh giá E-HSDT (đăng tải báo cáo đánh giá tổng hợp, không cần kèm theo các phiếu chấm của thành viên trong tổ chuyên gia)",Phương án B và C đều đúng,,,,,,,A,P3
319,"Hiện nay, Việt Nam đã mở cửa thị trường mua sắm chính phủ (đấu thầu) trong những hiệp định nào?",Chỉ Hiệp định Đối tác Toàn diện và Tiến bộ Xuyên Thái Bình Dương (CPTPP),Hiệp định CPTPP và Hiệp định thương mại tự do giữa Cộng hòa xã hội chủ nghĩa Việt Nam và Liên minh Châu Âu (EVFTA),"Hiệp định CPTPP, Hiệp định EVFTA và Hiệp định Thương mại Tự do giữa Việt Nam và Liên hiệp Vương quốc Anh và Bắc Ailen (UKVFTA)",Tất cả các hiệp định mà Việt Nam là thành viên,,,,,,,C,P3
320,Số lượng các nước thành viên Hiệp định Đối tác Toàn diện và Tiến bộ Xuyên Thái Bình Dương (CPTPP) ký kết hiệp định ban đầu là bao nhiêu nước?,8 nước,9 nước,11 nước,12 nước,,,,,,,C,P3
321,"Trong các hiệp định dưới đây, hiệp định nào không có quy định về các trường hợp chỉ định thầu?",Hiệp định Đối tác Toàn diện và Tiến bộ Xuyên Thái Bình Dương (CPTPP),Hiệp định thương mại tự do giữa Cộng hòa xã hội chủ nghĩa Việt Nam và Liên minh Châu Âu (EVFTA),Hiệp định EVFTA và Hiệp định Thương mại Tự do giữa Việt Nam và Liên hiệp Vương quốc Anh và Bắc Ailen (UKVFTA),Hiệp định Đối tác Kinh tế Toàn diện Khu vực (RCEP),,,,,,,D,P3
322,Hoạt động nào sau đây không thuộc phạm vi điều chỉnh của Nghị định số 95/2020/NĐ-CP?,Mua sắm thiết bị văn phòng,Thuê dịch vụ tư vấn,Thuê quyền sử dụng đất,Mua sắm vật tư y tế,,,,,,,C,P3
323,"Theo các hiệp định mà Việt Nam có mở cửa thị trường mua sắm chính phủ (đấu thầu), nhà thầu nước ngoài được tham gia đấu thầu tại Việt Nam trong trường hợp nào?",Tất cả các gói thầu,Chỉ gói thầu ODA,Gói thầu thuộc phạm vi điều chỉnh của hiệp định,"Gói thầu có giá trị lớn, phức tạp",,,,,,,C,P3
324,"Theo quy định tại Nghị định số 95/2020/NĐ-CP, đấu thầu nội khối là?",Đấu thầu mà chỉ có nhà thầu nội khối được tham dự,Đấu thầu cho các dự án trong khối CPTPP,"Đấu thầu giữa các nước thành viên EVFTA, UKVFTA",Đấu thầu trong nước,,,,,,,A,P3
325,"Theo quy định tại Nghị định số 09/2022/NĐ-CP, cơ quan mua sắm phải tổ chức đấu thầu nội khối, trừ trường hợp nào?",Không có nhà thầu trong nước tham gia,Giá gói thầu quá lớn,"Người có thẩm quyền xét thấy cần tổ chức đấu thầu quốc tế để mang lại hiệu quả cao hơn cho dự án, gói thầu",Hàng hóa thuộc gói thầu quá phức tạp mà nhà thầu trong nước không đáp ứng được,,,,,,,C,P3
326,"Theo Thông tư số 21/2022/TT-BKHĐT, khi nào được đưa ra yêu cầu về nhân sự chủ chốt trong gói thầu dịch vụ phi tư vấn?",Trong mọi trường hợp,Khi giá gói thầu lớn,"Chỉ khi dịch vụ có yếu tố đặc thù, phức tạp cần thiết phải có nhân sự có hiểu biết, nhiều kinh nghiệm đảm nhận",Khi có yêu cầu của nhà thầu,,,,,,,C,P3
327,Hiệp định thương mại tự do giữa Cộng hòa xã hội chủ nghĩa Việt Nam và Liên minh Châu Âu (EVFTA) có hiệu lực từ ngày nào?,01/7/2020,01/8/2020,01/9/2020,01/10/2020,,,,,,,B,P3
328,"Trường hợp tổ chức lựa chọn nhà thầu đối với gói thầu mua sắm hàng hóa thuộc phạm vi điều chỉnh của Hiệp định UKVFTA tại thời điểm tháng 9/2025, cơ quan mua sắm lập hồ sơ mời thầu theo Mẫu hồ sơ mời thầu ban hành kèm theo Thông tư nào?",Thông tư số 09/2020/TT-BKHĐT,Thông tư số 12/2022/TT-BKHĐT,Thông tư số 15/2022/TT-BKHĐT,Thông tư số 20/2022/TT-BKHĐT,,,,,,,B,P3
329,"Việc đấu thầu thuốc theo quy định của Hiệp định thương mại tự do giữa Cộng hòa xã hội chủ nghĩa Việt Nam và Liên minh Châu Âu (EVFTA) được Chính phủ giao cơ quan, tổ chức nào hướng dẫn?",Bộ Tư pháp,Bộ Y tế,Bộ Tài chính,Bộ Công Thương,,,,,,,B,P3
330,Việt Nam chính thức trở thành thành viên của Hiệp định mua sắm chính phủ của WTO (GPA) từ năm nào?,2018,2019,2020,Việt Nam chưa phải là thành viên của GPA,,,,,,,D,P3
331,"Theo quy định tại Nghị định số 95/2020/NĐ-CP (được sửa đổi, bổ sung tại Nghị định số 09/2022/NĐ-CP, Nghị định số 17/2025/NĐ-CP), khái niệm Nước thành viên không bao gồm:",Nước thành viên Hiệp định Đối tác Toàn diện và Tiến bộ Xuyên Thái Bình Dương (CPTPP),Nước thành viên EU,Vương quốc Anh và Bắc Ai-len,Các nước ASEAN chưa gia nhập Hiệp định CPTPP,,,,,,,D,P3
332,"Đối với gói thầu thuộc phạm vi điều chỉnh của Hiệp định Đối tác Toàn diện và Tiến bộ Xuyên Thái Bình Dương (CPTPP), ngôn ngữ sử dụng trong đấu thầu nội khối là:",Chỉ tiếng Việt,Chỉ tiếng Anh,Tiếng Việt; hoặc tiếng Việt và tiếng Anh,Bất kỳ ngôn ngữ nào của các nước thành viên,,,,,,,C,P3
333,"Theo quy định tại Thông tư số 21/2022/TT-BKHĐT, hồ sơ mời thầu gói thầu dịch vụ phi tư vấn không được đưa ra yêu cầu nào sau đây:",Yêu cầu về năng lực,Yêu cầu về kinh nghiệm,Yêu cầu nhà thầu phải có kinh nghiệm cung cấp dịch vụ trong lãnh thổ của một quốc gia cụ thể,Yêu cầu về chất lượng dịch vụ,,,,,,,C,P3
334,"Trong Hiệp định Đối tác Toàn diện và Tiến bộ Xuyên Thái Bình Dương (CPTPP), việc áp dụng biện pháp ưu đãi trong nước:",Được phép áp dụng vĩnh viễn,Không bao giờ được phép áp dụng,Được phép áp dụng trong thời gian chuyển tiếp,"Tùy quy mô, tính chất từng gói thầu",,,,,,,C,P3
335,"Đối với gói thầu thuộc phạm vi điều chỉnh của Hiệp định Đối tác Toàn diện và Tiến bộ xuyên Thái Bình Dương (CPTPP), Nghị định số 95/2020/NĐ-CP quy định những hình thức lựa chọn nhà thầu nào?",Đấu thầu hạn chế và chỉ định thầu,Chỉ có chỉ định thầu,Đấu thầu rộng rãi và chỉ định thầu,Chỉ có đấu thầu rộng rãi,,,,,,,C,P3
336,Hiệp định Đối tác Toàn diện và Tiến bộ Xuyên Thái Bình Dương (CPTPP) có cho phép áp dụng đấu thầu qua mạng không?,Không cho phép,Bắt buộc phải áp dụng,Khuyến khích áp dụng,"Tùy quy mô, tính chất từng gói thầu",,,,,,,A,P3
337,Gói thầu mua thuốc là gói thầu nào?,Gói thầu mua sắm hàng hóa,Gói thầu cung cấp dịch vụ phi tư vấn,Gói thầu hỗn hợp,Gói thầu xây lắp,,,,,,,A,P3
338,Đàm phán giá được áp dụng trong trường hợp nào sau đây?,Mua vật tư tiêu hao,"Mua thuốc, thiết bị y tế, vật tư xét nghiệm chỉ có 01 hoặc 02 hãng sản xuất",Mua hàng hóa chỉ có 01 hãng sản xuất,Mua hàng hóa chỉ có 01 hoặc 02 hãng sản xuất,,,,,,,B,P3
339,Thời gian có hiệu lực thi hành của Luật số 90/2025/QH15?,Từ ngày 01 tháng 7 năm 2025,Từ ngày 04 tháng 8 năm 2025,Từ ngày 08 tháng 8 năm 2025,Tất cả các đáp án trên đều sai,,,,,,,A,P3
340,"Thông tư số 80/2025/TT-BTC quy định chi tiết mẫu hồ sơ yêu cầu, báo cáo đánh giá, báo cáo thẩm định, kiểm tra, báo cáo tình hình thực hiện hoạt động đấu thầu có hiệu lực từ thời điểm nào?",Ngày 08/8/2025,Ngày 04/8/2025,Ngày 01/8/2025,Ngày 01/7/2025,,,,,,,A,P3
341,Nhận định nào sau đây về việc sử dụng hợp đồng điện từ đối với gói thầu sử dụng vốn ngân sách nhà nước là đúng?,"Bắt buộc sử dụng hợp đồng điện từ đối với tất cả gói thầu tổ chức lựa chọn nhà thầu qua mạng và không qua mạng theo hình thức đấu thầu rộng rãi, đấu thầu hạn chế, chào hàng cạnh tranh, chào giá trực tuyến, mua sắm trực tuyến mà việc thanh toán hợp đồng được thực hiện qua Kho bạc nhà nước","Bắt buộc sử dụng hợp đồng điện từ đối với gói thầu áp dụng hình thức đặt hàng, chỉ định thầu, mua sắm trực tiếp, đàm phán giá, lựa chọn nhà thầu trong trường hợp đặc biệt, gói thầu có sự tham gia của cộng đồng, lựa chọn tư vấn cá nhân theo quy trình rút gọn",Bắt buộc sử dụng hợp đồng điện từ đối với các gói thầu mà việc thanh toán hợp đồng không được thực hiện qua Kho bạc nhà nước,"Bắt buộc sử dụng hợp đồng điện từ đối với tất cả gói thầu tổ chức lựa chọn nhà thầu trên Hệ thống mạng đấu thầu Quốc gia theo hình thức đấu thầu rộng rãi, đấu thầu hạn chế, chào hàng cạnh tranh, chào giá trực tuyến, mua sắm trực tuyến mà việc thanh toán hợp đồng được thực hiện qua Kho bạc nhà nước",,,,,,,D,P3
342,"Đối với gói thầu đã áp dụng sơ tuyến, trường hợp năng lực và kinh nghiệm của nhà thầu vượt qua bước sơ tuyến khi nộp E-HSDT có sự thay đổi so với khi tham dự sơ tuyến, thì nhà thầu cần phải?",Cập nhật lại năng lực và kinh nghiệm của mình khi tham dự thầu.,Chi phải đính kèm hồ sơ năng lực và kinh nghiệm của mình khi tham dự thầu.,Không phải cập nhật năng lực và kinh nghiệm của mình khi tham dự thầu nhưng phải đính kèm hồ sơ năng lực và kinh nghiệm.,Phương án A và C đều đúng,,,,,,,A,P3
343,"Đối với đấu thầu qua mạng, nội dung nào sau đây là đúng khi đánh giá E-HSDT?","Quy trình 02 áp dụng đối với gói thầu mua sắm hàng hóa, dịch vụ phi tư vấn, máy đặt, máy mượn theo phương thức một giai đoạn một túi hồ sơ, sử dụng phương pháp “giá thấp nhất” và các nhà thầu, E-HSDT đều không có bất kỳ ưu đãi nào.",Hệ thống tự động xếp hạng nhà thầu theo giá dự thầu sau khi trừ đi giá trị giảm giá (nếu có) thấp nhất (không phải phê duyệt danh sách xếp hạng nhà thầu) đối với gói thầu áp dụng quy trình 02.,Trường hợp có từ 02 nhà thầu trở lên cùng xếp thứ nhất thì không đánh giá theo quy trình 02 mà phải đánh giá theo quy trình 01.,Cả 3 đáp án đều đúng,,,,,,,D,P3
344,Việc đánh giá E-HSDT gói thầu mua sắm hàng hóa theo quy trình 02 được thực hiện theo trình tự nào sau đây?,Đánh giá E-HSDT của tất cả nhà thầu tham dự thầu về: tính hợp lệ của E-HSDT; năng lực và kinh nghiệm; kỹ thuật. Trường hợp nhà thầu không đáp ứng bước trước thì không tiếp tục đánh giá bước tiếp theo.,Đánh giá E-HSDT của nhà thầu xếp hạng thứ nhất về: tính hợp lệ của E-HSDT; năng lực và kinh nghiệm; kỹ thuật. Trường hợp nhà thầu xếp hạng thứ nhất không đáp ứng thì đánh giá đối với nhà thầu xếp hạng tiếp theo.,Đánh giá E-HSDT của nhà thầu xếp hạng thứ nhất về: tính hợp lệ của E-HSDT; kỹ thuật; tài chính; năng lực và kinh nghiệm. Trường hợp nhà thầu xếp hạng thứ nhất không đáp ứng thì đánh giá đối với nhà thầu xếp hạng tiếp theo.,Đánh giá E-HSDT của tất cả nhà thầu tham dự thầu về: tính hợp lệ của E-HSDT; kỹ thuật; tài chính; năng lực và kinh nghiệm. Trường hợp nhà thầu không đáp ứng bước trước thì không tiếp tục đánh giá bước tiếp theo,,,,,,,B,P3
345,"Gói thầu phi tư vấn có giá gói thầu 2 tỷ đồng thực hiện đấu thầu rộng rãi qua mạng đóng thầu ngày 11/11/2025 (Thứ 3), Chủ đầu tư tiếp nhận nội dung yêu cầu làm rõ của nhà thầu ngày 04/11/2025. Chủ đầu tư phải trả lời yêu cầu làm rõ E-HSMT trên Hệ thống chậm nhất ngày nào dưới đây để đảm bảo không phải gia hạn thời điểm đóng thầu?",Thứ tư ngày 05/11/2025.,Thứ năm ngày 06/11/2025.,Thứ sáu ngày 07/11/2025.,Thứ 7 ngày 08/11/2025,,,,,,,B,P3
346,"Sau khi có quyết định phê duyệt kết quả lựa chọn nhà thầu, nhận định nào sau đây không đúng?",Chủ đầu tư đăng tải kết quả lựa chọn nhà thầu trên Hệ thống trong vòng 05 ngày làm việc kể từ ngày phê duyệt kết quả lựa chọn nhà thầu..,Nhà thầu gửi đề nghị trên Hệ thống hoặc gặp trực tiếp Chủ đầu tư yêu cầu giải thích lý do cụ thể nhà thầu không trúng thầu..,Chủ đầu tư có trách nhiệm trả lời yêu cầu giải thích lý do cụ thể nhà thầu không trúng thầu của nhà thầu trong thời hạn 02 ngày làm việc kể từ ngày nhận được yêu cầu của nhà thầu.,Chủ đầu tư gửi văn bản thông báo kết quả lựa chọn nhà thầu cho các nhà thầu tham dự thầu trong thời hạn 03 ngày làm việc kể từ ngày phê duyệt kết quả lựa chọn nhà thầu,,,,,,,D,P3
347,"Đối với đấu thầu qua mạng, nhận định nào sau đây về thông báo chấp thuận E-HSDT và trao hợp đồng là đúng?","Chủ đầu tư gửi thông báo chấp thuận E-HSDT và trao hợp đồng (sau khi đăng tải kết quả lựa chọn nhà thầu) trên Hệ thống cho nhà thầu trúng thầu; thông báo bao gồm cả yêu cầu về biện pháp bảo đảm thực hiện hợp đồng, thời gian hoàn thiện, ký kết hợp đồng..",Thông báo chấp thuận E-HSDT và trao hợp đồng là một phần của hồ sơ hợp đồng.,Thời hạn nêu trong thông báo chấp thuận E-HSDT và trao hợp đồng được tính kể từ ngày Chủ đầu tư gửi thông báo chấp thuận cho nhà thầu trúng thầu trên Hệ thống..,Tất cả các phương án trên đều đúng,,,,,,,D,P3
348,"Trong chào giá trực tuyến rút gọn, nhận định nào sau đây về giá trần là đúng?","Đối với loại hợp đồng trọn gói, loại hợp đồng theo đơn giá cố định hoặc đơn giá điều chỉnh, giá trần là giá gói thầu trong kế hoạch lựa chọn nhà thầu được duyệt sau khi phê duyệt kế hoạch lựa chọn nhà thầu.","Đối với loại hợp đồng trọn gói, giá trần là giá gói thầu trong kế hoạch lựa chọn nhà thầu được duyệt theo đơn giá điều chỉnh, giá trần là giá gói thầu trong kế hoạch lựa chọn nhà thầu được duyệt chưa bao gồm phần chi phí dự phòng hoặc dự toán gói thầu chưa bao gồm chi phí dự phòng của gói thầu trong trường hợp dự toán duyệt sau khi phê duyệt kế hoạch lựa chọn nhà thầu.","Đối với loại hợp đồng theo đơn giá cố định hoặc đơn giá điều chỉnh, giá trần là giá gói thầu trong kế hoạch lựa chọn nhà thầu được duyệt chưa bao gồm phần chi phí dự phòng hoặc dự toán gói thầu chưa bao gồm chi phí dự phòng của gói thầu trong trường hợp dự toán duyệt sau khi phê duyệt kế hoạch lựa chọn nhà thầu.",Cả phương án B và C đều đúng,,,,,,,B,P3
349,"Trong chào giá trực tuyến rút gọn, bước giá được tính như thế nào?","Giá trị trong khoảng từ 0,1% đến 0,3% giá trần.","Giá trị trong khoảng từ 0,5% đến 0.8% giá trần.",Giá trị trong khoảng từ 01% đến 02% giá trần.,Giá trị trong khoảng từ 01% đến 03% giá trần,,,,,,,A,P3
350,"Trường hợp gặp sự cố dẫn đến Hệ thống mạng đấu thầu quốc gia không thể vận hành và việc khắc phục sự cố dự kiến diễn ra trong thời gian dài, cơ quan nào có trách nhiệm thông báo về cách thức lựa chọn nhà thầu?",Bộ Tài chính.,Cục Quản lý đấu thầu.,Trung tâm Đấu thầu qua mạng quốc gia.,Tất cả phương án trên đều đúng,,,,,,,A,P3
351,"Trường hợp gặp sự cố dẫn đến Hệ thống mạng đấu thầu quốc gia không thể vận hành và việc khắc phục sự cố dự kiến diễn ra trong thời gian dài, Bộ Tài chính thông báo ở đâu?",Cổng thông tin điện tử của Chính phủ.,Cổng thông tin điện tử của Bộ Tài chính.,Hệ thống mạng đấu thầu quốc gia.,Tất cả phương án trên đều đúng,,,,,,,C,P3
352,"Đối với gói thầu mua sắm hàng hóa, trường hợp cần yêu cầu về hàng mẫu để đánh giá về kỹ thuật thì nhận định nào sau đây là đúng?",Nhà thầu có thể nộp bổ sung hàng mẫu trong thời hạn 05 ngày làm việc sau thời điểm đóng thầu.,"Chủ đầu tư phải bảo đảm việc yêu cầu cung cấp hàng mẫu không dẫn đến làm tăng chi phí của gói thầu, hạn chế sự tham gia của nhà thầu hoặc nhằm tạo lợi thế cho một hoặc một số nhà thầu gây ra sự cạnh tranh không bình đẳng.",Phương án A và B đều sai.,Phương án A và B đều đúng,,,,,,,D,P3
353,"Đối với gói thầu mua sắm hàng hóa, dịch vụ có giá trị dưới 500 triệu đồng áp dụng lựa chọn nhà thầu theo hình thức mua sắm trực tuyến, việc ký kết hợp đồng được thực hiện như thế nào?",Bắt buộc ký hợp đồng điện tử trên Hệ thống mạng đấu thầu quốc gia.,"Không bắt buộc ký hợp đồng điện tử, chủ đầu tư quyết định hình thức ký kết.",Ký hợp đồng điện tử trên Hệ thống khi việc thanh toán hợp đồng được thực hiện qua Kho bạc nhà nước.,Không ký hợp đồng điện tử đối với gói thầu có giá trị nhỏ hơn 500 triệu đồng,,,,,,,C,P3
354,Nhận định nào sau đây là không phù hợp đối với gói thầu mua sắm hàng hoá áp dụng chào giá trực tuyến theo quy trình rút gọn?,"Chủ đầu tư được nêu yêu cầu cụ thể về xuất xứ, ký mã hiệu, nhãn hiệu, hàng sản xuất, thông số kỹ thuật của hàng hóa và các yêu cầu khác (nếu có) như: lắp đặt, đào tạo, bảo hành....",Chủ đầu tư cần nghiên cứu để đưa ra khoảng thời gian phù hợp giữa ngày giao hàng sớm nhất và ngày giao hàng muộn nhất.,Nhà thầu sẽ không đề xuất ngày giao hàng cụ thể mà chỉ cam kết tuân thủ theo yêu cầu của chủ đầu tư tại E-TBMT.,"Trong quá trình chào giá, mức giá do các nhà thầu chào và tên nhà thầu được công khai trên Hệ thống mạng đấu thầu quốc gia",,,,,,,D,P3
355,"Đối với gói thầu áp dụng theo phương thức một giai đoạn một túi hồ sơ, căn cứ vào E-HSDT của các nhà thầu đã nộp trên Hệ thống và phương pháp đánh giá E-HSDT quy định trong E-HSMT, tổ chuyên gia được chọn quy trình 02 để đánh giá E-HSDT trong trường hợp nào sau đây?","Gói thầu mua sắm hàng hóa, dịch vụ phi tư vấn, mấy đặt, máy mượn theo phương thức một giai đoạn một túi hồ sơ, sử dụng phương pháp “giá thấp nhất” và các nhà thầu, E-HSDT đều không có bất kỳ ưu đãi nào.","Gói thầu mua sắm hàng hóa, dịch vụ tư vấn theo phương thức một giai đoạn một túi hồ sơ, sử dụng phương pháp “giá thấp nhất” và các nhà thầu, E-HSDT đều không có bất kỳ ưu đãi nào.","Gói thầu xây lắp theo phương thức một giai đoạn một túi hồ sơ, sử dụng phương pháp “giá thấp nhất”.",Cả 3 phương án đều sai,,,,,,,A,P3
356,"Khi xây dựng hồ sơ yêu cầu đối với hình thức chỉ định thầu, chủ đầu tư quy định nhà thầu chuẩn bị 01 bản gốc và tối đa bao nhiêu bản chụp hồ sơ đề xuất?",01 bản chụp.,02 bản chụp.,03 bản chụp.,04 bản chụp,,,,,,,C,P3
357,"Trong chào giá trực tuyến theo quy trình rút gọn gói thầu hàng hóa, phát biểu nào sau đây không đúng?",Đối với lần chào giá đầu tiên nhà thầu nhập các trọng số là đơn giá của hàng hóa nhà thầu dự kiến xác định sẽ chào.,Nhà thầu không được thay đổi trọng số của từng hạng mục hàng hóa trong quá trình chào giá.,Nhà thầu cần nghiên cứu công thức tính thành tiền và đơn giá dự thầu từ các trọng số để đề xuất các trọng số cho phù hợp.,"Nhà thầu phải điền các trọng số về đơn giá (N1, N2,...) của từng hạng mục",,,,,,,B,P3
358,"Trong chào giá trực tuyến theo quy trình rút gọn, khi nhập trọng số trong lần chào giá đầu tiên, nhà thầu cần làm gì?",Nhập ngẫu nhiên các giá trị trọng số.,Nhập trọng số bằng giá trị khối lượng từng hạng mục.,Nhập trọng số là đơn giá dự kiến chào cho từng hạng mục.,"Không cần nhập trọng số, hệ thống sẽ tự động tính",,,,,,,C,P3
359,"Khi đánh giá E-HSDT đối với gói thầu mua sắm hàng hóa, trường hợp có sự sai khác giữa thông tin kê khai về ký mã hiệu, nhãn hiệu, xuất xứ, hãng sản xuất trong bảng đề xuất về hàng hóa của nhà thầu (Mẫu số 10B chương IV) so với tài liệu đính kèm thì Tổ chuyên gia đánh giá như thế nào?",Đánh giá theo thông tin trong tài liệu đính kèm trong trường hợp sau khi làm rõ E-HSDT thông tin trong tài liệu đính kèm là chính xác.,"Đánh giá theo thông tin trong Mẫu số 10B nhà thầu kê khai, trừ trường hợp ký mã hiệu (nếu có), nhãn hiệu, hãng sản xuất kê khai tại Mẫu số 10B không tồn tại trên thị trường.",Loại nhà thầu E-HSDT của nhà thầu do có sự sai khác giữa thông tin kê khai và tài liệu đính kèm.,Phương án A và B đều đúng,,,,,,,B,P3
360,"Đối với đấu thầu qua mạng, khi tham dự gói thầu mua sắm hàng hóa, trong bảng đề xuất về hàng hóa (Mẫu số 10B chương IV), nhà thầu A chào ""theo catalog đính kèm"" thay vì kê khai thông tin theo Mẫu số 10B. Tổ chuyên gia đánh giá nội dung này trong E-HSDT của nhà thầu như thế nào là phù hợp?","Tổ chuyên gia đánh giá nội dung này theo Catalog nhà thầu A đính kèm. Nội dung này được tiếp tục đánh giá khi Catalog không tham chiếu đến nhiều hơn 01 ký mã hiệu, nhãn hiệu, hãng sản xuất... cho một loại hàng hóa.","Báo cáo chủ đầu tư yêu cầu nhà thầu A làm rõ nội dung này nếu Catalog tham chiếu đến nhiều hơn 01 ký mã hiệu, nhãn hiệu, hãng sản xuất... cho một loại hàng hóa để làm cơ sở đánh giá.","E-HSDT của nhà thầu A không được xem xét, đánh giá.",Phương án A và B đều đúng,,,,,,,C,P3
361,"Đối với đấu thầu qua mạng, khi tham dự gói thầu mua sắm hàng hóa, trong bảng đề xuất về hàng hóa (Mẫu số 10B chương IV), nhà thầu A chào ""không có"" đối với nội dung ký, mã hiệu. Tuy nhiên, trong quá trình đánh giá, Tổ chuyên gia phát hiện hãng sản xuất có ký, mã hiệu của hàng hóa này. Tổ chuyên gia đánh giá như thế nào trong tình huống này?",Báo cáo chủ đầu tư yêu cầu nhà thầu A làm rõ nội dung này trên Hệ thống.,"E-HSDT không được xem xét, đánh giá.","Tiếp tục xem xét, đánh giá nếu tài liệu đính kèm của nhà thầu đầy đủ thông tin.",Cả 3 phương án đều sai,,,,,,,B,P3
362,Trường hợp gói thầu đủ điều kiện áp dụng hình thức chỉ định thầu theo quy định tại khoản 1 Điều 78 của Nghị định số 214/2025/NĐ-CP nhưng chủ đầu tư quyết định áp dụng hình thức đấu thầu rộng rãi để lựa chọn nhà thầu thì thời gian chuẩn bị hồ sơ dự thầu là?,Tối thiểu là 18 ngày kể từ ngày đầu tiên hồ sơ mời thầu được phát hành đến ngày có thời điểm đóng thầu.,Tối thiểu là 09 ngày làm việc kể từ ngày đầu tiên hồ sơ mời thầu được phát hành đến ngày có thời điểm đóng thầu.,Tối thiểu là 09 ngày kể từ ngày đầu tiên hồ sơ mời thầu được phát hành đến ngày có thời điểm đóng thầu.,Tối thiểu là 18 ngày làm việc kể từ ngày đầu tiên hồ sơ mời thầu được phát hành đến ngày có thời điểm đóng thầu,,,,,,,C,P3
363,"Đối với đấu thầu không qua mạng, trường hợp nhà thầu có thư giảm giá, việc hiệu chỉnh sai lệch được thực hiện trên cơ sở nào?",Giá dự thầu của nhà thầu sau khi trừ đi giá trị giảm giá.,Giá đề nghị trúng thầu.,Giá gói thầu.,Giá dự thầu của nhà thầu chưa trừ đi giá trị giảm giá,,,,,,,D,P3
364,"Đối với gói thầu mua sắm hàng hóa tổ chức đấu thầu rộng rãi qua mạng, trường hợp nhà thầu là liên danh thì nhà thầu chứng minh khả năng thực hiện nghĩa vụ bảo hành như thế nào?",Từng thành viên liên danh phải cam kết có năng lực thực hiện nghĩa vụ bảo hành theo yêu cầu của E-HSMT và có hợp đồng nguyên tắc với đơn vị có đủ khả năng thực hiện nghĩa vụ bảo hành theo yêu cầu của E-HSMT.,Từng thành viên liên danh phải cam kết có năng lực tự thực hiện nghĩa vụ bảo hành theo yêu cầu của E-HSMT hoặc có hợp đồng nguyên tắc với đơn vị có đủ khả năng thực hiện nghĩa vụ bảo hành theo yêu cầu của E-HSMT.,Nhà thầu liên danh có cam kết có năng lực thực hiện nghĩa vụ bảo hành theo yêu cầu của E-HSMT và có hợp đồng nguyên tắc với đơn vị có đủ khả năng thực hiện nghĩa vụ bảo hành theo yêu cầu của E-HSMT.,Nhà thầu liên danh có cam kết có năng lực tự thực hiện nghĩa vụ bảo hành theo yêu cầu của E-HSMT hoặc có hợp đồng nguyên tắc với đơn vị có đủ khả năng thực hiện nghĩa vụ bảo hành theo yêu cầu của E-HSMT,,,,,,,D,P3
365,Nội dung nào là không phù hợp quy định đối với yêu cầu về nhân sự chủ chốt của gói thầu mua sắm hàng hóa?,Không được yêu cầu về huy động nhân sự chủ chốt đối với phần công việc cung cấp hàng hóa.,"Chỉ được yêu cầu về huy động nhân sự chủ chốt đối với các dịch vụ liên quan có yếu tố đặc thù, phức tạp cần thiết phải có nhân sự có hiểu biết, nhiều kinh nghiệm đảm nhận.","Được yêu cầu về huy động nhân sự chủ chốt đối với phần công việc cung cấp hàng hóa mà hàng hóa đó có tính đặc thù cần sự khẳng định của nhà sản xuất, nhà cung cấp để đảm bảo tính khả thi trong việc cung cấp hàng hóa.","Không được nêu yêu cầu huy động về nhân sự chủ chốt đối với hàng hóa thông dụng, sẵn có trên thị trường, không đòi hỏi nhân sự thực hiện dịch vụ liên quan phải có trình độ cao",,,,,,,C,P3
366,Quy định nào dưới đây không đúng về kế hoạch lựa chọn nhà thầu?,"Kế hoạch lựa chọn nhà thầu được lập cho toàn bộ dự án, dự toán mua sắm. Trường hợp chưa đủ điều kiện lập kế hoạch lựa chọn nhà thầu cho toàn bộ dự án, dự toán mua sắm thì lập kế hoạch lựa chọn nhà thầu cho một hoặc một số gói thầu để thực hiện trước.","Kế hoạch lựa chọn nhà thầu có thể được lập đồng thời với quá trình lập dự án, dự toán mua sắm hoặc trước khi có quyết định phê duyệt dự án đối với gói thầu cần thực hiện trước khi có quyết định phê duyệt dự án.","Trường hợp gói thầu có thời gian thực hiện dài hơn 01 năm, giá gói thầu trong kế hoạch lựa chọn nhà thầu được ghi rõ theo chu kỳ 01 năm hoặc trên cơ sở toàn bộ thời gian thực hiện gói thầu.",Kế hoạch lựa chọn nhà thầu phải ghi rõ số lượng gói thầu và nội dung của từng gói thầu,,,,,,,C,P3
367,Trường hợp Hệ thống chưa trích xuất tự động thông tin về nghĩa vụ nộp thuế của nhà thầu thì nhà thầu nộp tài liệu nào để chứng minh nghĩa vụ nộp thuế?,Phải bao gồm Tờ khai thuế (thông báo nộp tiền của cơ quan thuế đối với hộ kinh doanh) và giấy nộp tiền có xác nhận của cơ quan thuế được in từ Hệ thống thuế điện tử.,Phải bao gồm Tờ khai thuế (thông báo nộp tiền của cơ quan thuế đối với hộ kinh doanh) và xác nhận của cơ quan thuế về việc thực hiện nghĩa vụ thuế.,"Phải bao gồm Tờ khai thuế (thông báo nộp tiền của cơ quan thuế đối với hộ kinh doanh), giấy nộp tiền có xác nhận của cơ quan thuế được in từ Hệ thống thuế điện tử và xác nhận của cơ quan thuế về việc thực hiện nghĩa vụ thuế.",Phương án A hoặc B đúng,,,,,,,D,P3
368,Việc phê duyệt dự toán đối với phần công việc tùy chọn mua thêm được áp dụng tại thời điểm nào?,"Trước khi phê duyệt kế hoạch lựa chọn nhà thầu, chủ đầu tư phê duyệt dự toán đối với khối lượng mua thêm.","Trước khi phê duyệt kế hoạch lựa chọn nhà thầu, chủ đầu tư trình cấp có thẩm quyền phê duyệt dự toán đối với khối lượng mua thêm.","Trong quá trình thực hiện hợp đồng, trường hợp sử dụng khối lượng tùy chọn mua thêm, trước khi thực hiện chủ đầu tư phê duyệt dự toán cho khối lượng mua thêm.",Không phải phê duyệt dự toán tùy chọn mua thêm,,,,,,,C,P3
369,"Ban Quản lý dự án đầu tư xây dựng tỉnh tổ chức đấu thầu rộng rãi qua mạng đối với gói thầu xây lắp. Nhà thầu A được xếp hạng nhất tại gói thầu này, tuy nhiên, do trong E-HSDT, nhà thầu A đề xuất 01 nhân sự chủ chốt đã huy động cho hợp đồng khác có thời gian làm việc trùng với thời gian thực hiện gói thầu này. Trong trường hợp này, tổ chuyên gia đánh giá về nhân sự chủ chốt của nhà thầu A như thế nào?",Nhà thầu A bị loại và không được xem xét trúng thầu.,"Chủ đầu tư cho phép nhà thầu bổ sung, thay thế tối đa hai lần. Trường hợp nhà thầu không có nhân sự thay thế đáp ứng yêu cầu của E-HSMT thì nhà thầu A bị loại và bị đánh giá về uy tín khi tham dự thầu.",Tiếp tục đánh giá theo cam kết của nhà thầu trong đơn dự thầu và xét duyệt trúng thầu đối với nhà thầu A.,Nhà thầu A bị loại và bị đánh giá là gian lận trong kê khai về nhân sự chủ chốt,,,,,,,B,P3
370,"Tại Mục 2.1 Chương III E-HSMT gói thầu xây lắp quy định nội dung sau: Trong thời gian từ 01/01/2022 đến thời điểm đóng thầu (năm 2025), nhà thầu đã hoàn thành toàn bộ hoặc hoàn thành phần lớn 01 công trình cấp II, có giá trị là 10 tỷ đồng với tư cách là nhà thầu chính (độc lập hoặc thành viên liên danh), nhà thầu quản lý hoặc nhà thầu phụ. Trường hợp nào sau đây nhà thầu được đánh giá là không đáp ứng yêu cầu về kinh nghiệm thực hiện hợp đồng tương tự?","Nhà thầu đã hoàn thành toàn bộ 02 công trình cấp III có giá trị lần lượt là 9 tỷ đồng và 11 tỷ đồng; các hợp đồng được ký kết năm 2022, hoàn thành năm 2025 (trước thời điểm đóng thầu).","Nhà thầu đã hoàn thành toàn bộ 01 công trình cấp II có giá trị là 10 tỷ đồng, hợp đồng được ký kết năm 2018, hoàn thành năm 2022.","Nhà thầu đã hoàn thành toàn bộ 01 công trình cấp II có giá trị là 10 tỷ đồng, hợp đồng được ký kết năm 2022, hoàn thành năm 2025 (trước thời điểm đóng thầu).",Tất cả phương án trên đều đáp ứng yêu cầu về kinh nghiệm thực hiện hợp đồng tương tự,,,,,,,A,P3
371,Nhà thầu đã thực hiện công tác lập hồ sơ thiết kế kỹ thuật cho dự án đầu tư xây dựng công trình được phép thực hiện công việc nào?,"Lập hồ sơ mời thầu cho các gói thầu xây lắp, mua sắm hàng hóa thuộc dự án.",Lập kế hoạch lựa chọn nhà thầu.,Cung cấp dịch vụ tư vấn giám sát thi công công trình của dự án.,Tất cả các phương án trên đều đúng,,,,,,,D,P3
372,Nội dung nào sau đây không thuộc trách nhiệm của chủ đầu tư?,Lập báo cáo đánh giá hồ sơ dự thầu.,Thương thảo hợp đồng.,Phê duyệt hồ sơ mời thầu.,Yêu cầu nhà thầu làm rõ hồ sơ dự thầu,,,,,,,A,P3
373,Nhà thầu tư vấn lập hồ sơ mời thầu gói thầu xây lắp được phép tham dự thầu gói thầu nào?,Tư vấn đánh giá hồ sơ dự thầu gói thầu xây lắp mà mình đã lập hồ sơ mời thầu.,Tư vấn thẩm định kết quả lựa chọn nhà thầu gói thầu xây lắp mà mình đã lập hồ sơ mời thầu.,Tư vấn giám sát thi công gói thầu xây lắp mà mình đã lập hồ sơ mời thầu.,Tất cả các phương án trên đều đúng,,,,,,,D,P3
374,"Khi tham dự thầu gói thầu mua sắm hàng hóa, trong hồ sơ dự thầu của nhà thầu tuyên bố giá dự thầu không bao gồm thuế, phí, lệ phí thì được đánh giá như thế nào?","Hồ sơ dự thầu của nhà thầu không được tiếp tục xem xét, đánh giá.","Hồ sơ dự thầu của nhà thầu được tiếp tục xem xét, đánh giá và giá dự thầu của nhà thầu được hiểu là đã bao gồm toàn bộ thuế, phí, lệ phí.","Tiến hành hiệu chỉnh sai lệch về thuế, phí, lệ phí của nhà thầu theo quy định.","Hồ sơ dự thầu của nhà thầu được tiếp tục xem xét, đánh giá và giá dự thầu của nhà thầu được hiểu là không bao gồm thuế, phí, lệ phí",,,,,,,A,P3
375,Yêu cầu về nguồn lực tài chính được áp dụng đối với gói thầu nào?,Tất cả các gói thầu.,"Chỉ áp dụng đối với gói thầu phi tư vấn, mua sắm hàng hóa.","Chỉ áp dụng đối với gói thầu phi tư vấn, mua sắm hàng hóa, xây lắp.",Tất cả các phương án trên đều sai,,,,,,,D,P3
376,Nhà thầu không thực hiện gia hạn hiệu lực hồ sơ dự thầu theo đề nghị của chủ đầu tư thì xử lý như thế nào?,Không được hoàn trả giá trị bảo đảm dự thầu.,Bị đánh giá về uy tín trong tham dự thầu và đăng tải trên hệ thống mạng đấu thầu quốc gia.,Được hoàn trả bảo đảm dự thầu cho nhà thầu.,Phương án A và B đều đúng,,,,,,,C,P3
377,Chủ đầu tư dự kiến lựa chọn gói thầu xây lắp theo hình thức chỉ định thầu theo quy trình thông thường. Nhà thầu dự kiến được mời nhận hồ sơ yêu cầu phải?,Được đánh giá về năng lực và kinh nghiệm.,Hạch toán tài chính độc lập.,Độc lập về pháp lý và độc lập về tài chính với chủ đầu tư.,Các phương án trên đều đúng,,,,,,,B,P3
378,"Doanh nghiệp nhà nước A thực hiện dự án đầu tư có tổng mức đầu tư 1000 tỷ đồng, trong đó vốn từ ngân sách nhà nước là 100 tỷ đồng, vốn tự có của doanh nghiệp là 900 tỷ đồng. Việc lựa chọn nhà thầu của dự án này có phải tuân thủ theo quy định của Luật Đấu thầu?",Không phải thực hiện theo quy định của Luật Đấu thầu và vốn ngân sách nhà nước thấp hơn 30% tổng mức đầu tư.,"Doanh nghiệp nhà nước A được tự quyết định việc lựa chọn nhà thầu trên cơ sở bảo đảm công bằng, minh bạch, hiệu quả và trách nhiệm giải trình.",Bắt buộc phải thực hiện theo Luật Đấu thầu.,Phương án A và B đều đúng,,,,,,,C,P3
379,"Công ty B do Doanh nghiệp nhà nước A nắm giữ 100% vốn điều lệ, Công ty B thực hiện dự án có tổng mức đầu tư 500 tỷ đồng, trong đó vốn từ ngân sách nhà nước là 100 tỷ đồng, 400 tỷ đồng là vốn tự có của Công ty B. Hỏi việc lựa chọn nhà thầu của dự án này có phải thực hiện theo quy định của Luật Đấu thầu hay không?",Không phải thực hiện theo quy định của Luật Đấu thầu và vốn ngân sách nhà nước thấp hơn 30% tổng mức đầu tư.,Không phải thực hiện theo quy định của Luật Đấu thầu nhưng phải thực hiện theo quy chế mua sắm của Doanh nghiệp nhà nước A.,"Công ty B được tự quyết định việc lựa chọn nhà thầu trên cơ sở bảo đảm công bằng, minh bạch, hiệu quả và trách nhiệm giải trình.",Bắt buộc phải thực hiện theo Luật Đấu thầu,,,,,,,D,P3
380,"Chủ đầu tư A đang lập E-HSMT cho gói thầu dịch vụ tư vấn, tiêu chuẩn đánh giá về kỹ thuật sử dụng phương pháp kết hợp giữa kỹ thuật và giá (thang điểm 100), điểm yêu cầu tối thiểu về kỹ thuật là 70 điểm, trong đó quy định điểm tối đa đối với từng nội dung như sau: - Kinh nghiệm và năng lực của nhà thầu: 5 điểm - Uy tín của nhà thầu: 5 điểm - Giải pháp và phương pháp luận: 30 điểm - Nhân sự chủ chốt: 60 điểm. Quy định nào sau đây về mức điểm yêu cầu tối thiểu về kỹ thuật đối với từng nội dung là phù hợp?",Kinh nghiệm và năng lực của nhà thầu: 3 điểm; uy tín của nhà thầu: 3 điểm; giải pháp và phương pháp luận: 18 điểm; nhân sự chủ chốt: 36 điểm.,"Kinh nghiệm và năng lực của nhà thầu: 3.5 điểm; uy tín của nhà thầu: 3,5 điểm; giải pháp và phương pháp luận: 21 điểm; nhân sự chủ chốt: 42 điểm.",Kinh nghiệm và năng lực của nhà thầu: 3 điểm; uy tín của nhà thầu: 0 điểm; giải pháp và phương pháp luận: 18 điểm; nhân sự chủ chốt: 36 điểm.,Kinh nghiệm và năng lực của nhà thầu: 3.5 điểm; uy tín của nhà thầu: 0 điểm; giải pháp và phương pháp luận: 21 điểm; nhân sự chủ chốt: 42 điểm,,,,,,,C,P3
381,Giá gói thầu được cập nhật trong thời hạn bao nhiêu ngày trước ngày mở thầu nếu cần thiết?,28 ngày.,18 ngày.,7 ngày.,7 ngày làm việc,,,,,,,A,P3
382,"Hồ sơ mời sơ tuyển được phát hành như thế nào, thời gian chuẩn bị hồ sơ dự sơ tuyển tối thiểu là bao nhiêu ngày?","Phát hành miễn phí trên Hệ thống mạng đấu thầu quốc gia, thời gian chuẩn bị tối thiểu là 7 ngày làm việc.","Phát hành trên Hệ thống mạng đấu thầu quốc gia với giá 110.000 đồng/hồ sơ, thời gian chuẩn bị tối thiểu là 9 ngày làm việc.","Phát hành miễn phí trên Hệ thống mạng đấu thầu quốc gia, thời gian chuẩn bị tối thiểu là 9 ngày làm việc.","Phát hành miễn phí trên Hệ thống mạng đấu thầu quốc gia, thời gian chuẩn bị tối thiểu là 9 ngày",,,,,,,D,P3
383,Chào giá trực tuyến theo quy trình rút gọn được áp dụng trong trường hợp nào?,"Gói thầu mua sắm hàng hóa phải mua của hãng sản xuất cụ thể để bảo đảm tính tương thích về công nghệ, bản quyền với các trang thiết bị, máy móc, phần mềm, dịch vụ sẵn có có giá gói thầu là 20 tỷ đồng.","Gói thầu cung cấp dịch vụ phi tư vấn phải mua của hãng sản xuất cụ thể để bảo đảm tính tương thích về công nghệ, bản quyền với các trang thiết bị, máy móc, phần mềm, dịch vụ sẵn có có giá gói thầu là 10 tỷ đồng.",Gói thầu mua sắm hàng hóa có giá gói thầu không quá 05 tỷ đồng đối với dự án.,Tất cả các phương án trên đều đúng,,,,,,,D,P3
384,"Đối với gói thầu dịch vụ xây dựng thuộc phạm vi điều chỉnh của Hiệp định CPTPP và tổ chức đấu thầu quốc tế, cơ quan mua sắm có thể áp dụng ưu đãi đối với nhà thầu nội khối nào?",Nhà thầu liên danh trong đó có thành viên liên danh là nhà thầu Nhật Bản và thành viên này đảm nhận từ 50% trở lên giá trị công việc của gói thầu.,Nhà thầu liên danh trong đó có thành viên liên danh là nhà thầu nội khối và thành viên này đảm nhận từ 25% trở lên giá trị công việc của gói thầu.,Nhà thầu liên danh trong đó có thành viên liên danh là nhà thầu Hoa Kỳ và thành viên này đảm nhận từ 50% trở lên giá trị công việc của gói thầu.,Nhà thầu liên danh trong đó có thành viên liên danh là nhà thầu nội khối và thành viên này đảm nhận từ 40% trở lên giá trị công việc của gói thầu,,,,,,,A,P3
385,Một trong các nguyên tắc lập kế hoạch lựa chọn nhà thầu theo quy định tại Nghị định số 95/2020/NĐ-CP là?,Không ghi rõ số lượng gói thầu.,Không được chia nhỏ gói thầu để tránh áp dụng Nghị định này.,Phải ghi toàn bộ phương thức lựa chọn nhà thầu là đấu thầu qua mạng.,Ghi thời gian bắt đầu tổ chức lựa chọn nhà thầu là ngày cụ thể trong năm,,,,,,,B,P3
386,"Đối với gói thầu chỉ thuộc phạm vi điều chỉnh của Hiệp định CPTPP, thời điểm chấm dứt áp dụng ưu đãi trong nước là?",14 tháng 01 năm 2038.,01 tháng 8 năm 2038.,14 tháng 01 năm 2044.,01 tháng 8 năm 2044,,,,,,,C,P3
387,"Đối với gói thầu thuộc phạm vi điều chỉnh của Hiệp định EVFTA, trong giai đoạn từ 01/8/2020 đến 13/01/2029, tổng giá trị ưu đãi trong nước tối đa trong một năm là?",30% tổng giá hợp đồng các gói thầu thuộc phạm vi điều chỉnh của Nghị định số 95/2020/NĐ-CP.,40% tổng giá hợp đồng các gói thầu thuộc phạm vi điều chỉnh của Nghị định số 95/2020/NĐ-CP.,50% tổng giá hợp đồng các gói thầu thuộc phạm vi điều chỉnh của Nghị định số 95/2020/NĐ-CP.,60% tổng giá hợp đồng các gói thầu thuộc phạm vi điều chỉnh của Nghị định số 95/2020/NĐ-CP,,,,,,,B,P3
388,"Một nhà thầu EU tham gia đấu thầu quốc tế gói thầu mua sắm hàng hóa thuộc Hiệp định EVFTA có chi phí sản xuất hàng hóa tại nước thành viên là 45%, gói thầu có áp dụng ưu đãi đối với hàng hóa từ các nước thành viên. Nhà thầu này có được hưởng ưu đãi không?",Không được hưởng ưu đãi vì chi phí sản xuất hàng hóa tại các nước thành viên dưới 50%.,Được hưởng ưu đãi vì có chi phí sản xuất hàng hóa tại nước thành viên.,Được hưởng ưu đãi vì tổng chi phí tại nước thành viên là 45%.,Không đủ thông tin để xác định tính chất phức tạp của gói thầu,,,,,,,A,P3
389,"Gói thầu thuộc phạm vi điều chỉnh của Hiệp định CPTPP mua sắm hàng hóa thông dụng, sẵn có trên thị trường với đặc tính kỹ thuật được tiêu chuẩn hóa, tương đương nhau về chất lượng và có giá gói thầu không quá 10 tỷ đồng thì thời gian chuẩn bị hồ sơ dự thầu tối thiểu là?",10 ngày.,15 ngày.,20 ngày.,25 ngày,,,,,,,A,P3
390,"Đối với gói thầu thuộc phạm vi điều chỉnh của Hiệp định EVFTA tổ chức đấu thầu quốc tế, có áp dụng ưu đãi đối với hàng hóa, nhà thầu nội khối, một trong các nguyên tắc ưu đãi là?","Sau khi tính ưu đãi, nếu các hồ sơ dự thầu xếp hạng ngang nhau thì ưu tiên cho nhà thầu sử dụng nhiều lao động nội khối hơn (tính trên giá trị tiền lương, tiền công chi trả).","Sau khi tính ưu đãi, nếu các hồ sơ dự thầu xếp hạng ngang nhau thì ưu tiên cho nhà thầu có đề xuất chi phí nội khối thấp hơn.",Nhà thầu được hưởng tất cả các ưu đãi thuộc đối tượng áp dụng.,"Sau khi tính ưu đãi, nếu các hồ sơ dự thầu xếp hạng ngang nhau thì ưu tiên cho nhà thầu có đề xuất chi phí nội khối ít chênh lệch nhất so với yêu cầu của hồ sơ mời thầu",,,,,,,A,P3